xFerguson,wTwgD,molestiae_et@Yadel.info,2017-02-11 20:23:55.2522686 -0500 EST,149.130.116.64,No,0,us
consequuntur,DsVZFqGNDfYZut8MU,beatae_aut_in@Bubbletube.org,2017-02-11 20:23:55.2537739 -0500 EST,253.19.165.109,No,0,us
JanetWoods,5sRIBEejSXaVt9t5P8sscY,uHanson@Twinte.name,2017-02-11 20:23:55.2537739 -0500 EST,158.236.167.201,No,0,us
ThomasStephe,lc9AidV427hAM,sed@Kayveo.biz,2017-02-11 20:23:55.2542768 -0500 EST,12.77.69.206,No,0,us
qPhillips,SuurS,RoseBryant@Jayo.info,2017-02-11 20:23:55.2542768 -0500 EST,28.229.193.51,No,0,us
bJones,SJIMb7FF,BrianMorales@Twitterworks.org,2017-02-11 20:23:55.2542768 -0500 EST,133.131.190.224,No,0,us
voluptatem,SNacm0Xlw1bQSuw4ZtOKW,5Johnston@Wordpedia.biz,2017-02-11 20:23:55.2542768 -0500 EST,223.23.155.92,No,0,us
9Perez,U2xOdRc1mii2aRDe9aB3qxBisuUrHTC,7Hamilton@Edgepulse.edu,2017-02-11 20:23:55.2542768 -0500 EST,40.204.70.247,No,0,us
0Day,Jgmd3h7QyimLRkMdBo7laBsi,KimberlyBoyd@Meembee.net,2017-02-11 20:23:55.2547746 -0500 EST,184.48.86.16,No,0,us
yCrawford,ubSZOJTQOJK9w5,cJacobs@Nlounge.info,2017-02-11 20:23:55.2547746 -0500 EST,167.41.187.130,No,0,us
RichardGarre,hvMskULiMhJKrIGYLrJu,laboriosam_non@Minyx.info,2017-02-11 20:23:55.2547746 -0500 EST,22.113.135.188,No,0,us
TimothyRiver,2TKCwl1gvu,mHoward@Topicblab.net,2017-02-11 20:23:55.2547746 -0500 EST,46.93.225.24,No,0,us
CatherineCun,WTxgq,JohnnyDay@Lazz.gov,2017-02-11 20:23:55.2547746 -0500 EST,32.16.3.94,No,0,us
JacquelineMa,DZIUAHVS,StephenMccoy@Livefish.org,2017-02-11 20:23:55.2547746 -0500 EST,65.116.73.109,No,0,us
voluptatem_p,m2nl3itxTH5,adipisci_quo_quo@Yodoo.gov,2017-02-11 20:23:55.2547746 -0500 EST,227.107.57.61,No,0,us
consectetur,c8HVvAifdG4XKTko9GjLKko2,1Lee@Gabtype.info,2017-02-11 20:23:55.2547746 -0500 EST,250.25.148.76,No,0,us
MarieLawson,kC5kDbYJkFwtqv7Ob,AmandaThomas@Lazzy.com,2017-02-11 20:23:55.2547746 -0500 EST,63.125.231.232,No,0,us
KatherineNgu,D9vJdTEQJJAMi0qCtZxTfYffmMCQfAs,HarryRomero@Yata.net,2017-02-11 20:23:55.2547746 -0500 EST,175.163.109.6,No,0,us
CynthiaJohns,1S3QuXeNj0bSxLtOEwv7ofDpEk,iure_numquam@Mynte.edu,2017-02-11 20:23:55.2547746 -0500 EST,215.154.205.75,No,0,us
sint_qui,HHt0MYu,gJackson@Linkbuzz.net,2017-02-11 20:23:55.2547746 -0500 EST,151.43.113.98,No,0,us
